,model,train_acc,val_acc,test_acc,train_loss,val_loss,test_loss
0,model_1,"[0.18737999992370605, 0.2995399999523163, 0.3438600000476837, 0.373839999961853, 0.4006000000476837, 0.4224399999904633, 0.43725999992370607, 0.4526400000667572, 0.46546000007629396, 0.4789800000190735, 0.48835999984741213, 0.5005800001144409, 0.5120000001907349, 0.5193199998664856, 0.5293800001525879, 0.536260000038147, 0.5457199998664856, 0.5541000001716614, 0.56154, 0.573440000038147]","[0.32210000038146974, 0.38300000014305113, 0.39679999990463255, 0.42550000038146973, 0.46150000014305115, 0.4669999999046326, 0.4903000000476837, 0.5034000002384186, 0.49349999976158143, 0.5330000001907349, 0.5545000000953675, 0.5476000000953675, 0.5518000001907348, 0.5551999999046325, 0.5717000007629395, 0.5698000002861023, 0.5858999994277954, 0.5829999992370606, 0.6055000002861023, 0.5933999999046325]",0.5934,"[2.167269076385498, 1.9221863145828246, 1.810119517555237, 1.7336968259048462, 1.6600244888687135, 1.6044699362564088, 1.5595901940917969, 1.519323953704834, 1.4885306119155883, 1.4557277875900267, 1.4257106765365601, 1.4017813676071167, 1.3732398050308228, 1.3520264514923095, 1.3266926370239258, 1.3130185274124146, 1.2848161140441894, 1.2631849718856811, 1.2448265970993042, 1.2191022070693969]","[1.9560209949493408, 1.7525642404556274, 1.67523138256073, 1.5950116971969603, 1.4911439809799194, 1.4770055053710938, 1.4252360677719116, 1.37852396774292, 1.4160599515914918, 1.3147562692642212, 1.2779214431762695, 1.2844692001342772, 1.2534734012603759, 1.258634295272827, 1.210022713470459, 1.2125974813461304, 1.1753146730422974, 1.1810507429122925, 1.1232486972808837, 1.1529559658050537]",1.1529559185028075
1,model_2,"[0.1937799999141693, 0.30490000001907347, 0.34875999991416934, 0.37347999990463254, 0.3990800000190735, 0.41771999996185305, 0.4322800000667572, 0.44899999999046325, 0.4680400000095367, 0.47726000017166137, 0.49230000017166137, 0.50512, 0.5106200001907348, 0.5197599999332428, 0.529600000114441, 0.537359999961853, 0.5447999998092652, 0.5523200000953674, 0.559880000114441, 0.5681000000953674]","[0.327999999666214, 0.371000000333786, 0.4029999996185303, 0.4291999997615814, 0.4610000000476837, 0.4781999999046326, 0.5025000000476837, 0.501799999666214, 0.5195999999523163, 0.5154000001430511, 0.5499000001907348, 0.5462, 0.5693000001907349, 0.5694000000953674, 0.582200000667572, 0.5632000007629394, 0.5938999996185302, 0.5901000000953674, 0.5788000000953675, 0.6145999993324279]",0.6146,"[2.154402061882019, 1.9021249573898316, 1.7983327646255494, 1.725456588973999, 1.6610173936080932, 1.60692447681427, 1.5675112641906739, 1.5236722663116455, 1.484993769454956, 1.4496770031738282, 1.4215406137847901, 1.391783108215332, 1.3698963376235962, 1.3478650119400024, 1.3266445342254638, 1.3081992330932617, 1.2864231615829467, 1.2643483032226563, 1.2463419087982177, 1.231118884048462]","[1.9335890027999878, 1.7879094902038575, 1.6945837284088134, 1.6039234991073608, 1.518558135986328, 1.449276950073242, 1.39784577293396, 1.3879966819763183, 1.3531234622955322, 1.3695782424926757, 1.2814962196350097, 1.272154529762268, 1.220621728515625, 1.2314197481155396, 1.191263016319275, 1.240425498008728, 1.1564725538253784, 1.1497434072494508, 1.1883653768539428, 1.1050909275054932]",1.1050909337997437
2,model_3,"[0.18868, 0.28807999990463257, 0.33892000000953676, 0.3644200000667572, 0.38591999990463255, 0.40354000002861024, 0.4242400000667572, 0.4418399999046326, 0.45592000005722044, 0.46814000001907347, 0.4829400000286102, 0.49145999992370604, 0.5038999999427796, 0.514159999961853, 0.5246399999618531, 0.5295999999427795, 0.5419800000190735, 0.5495399998855591, 0.55814, 0.5649000001335144]","[0.24059999980926514, 0.38039999985694883, 0.3829999997138977, 0.3959999997138977, 0.4325000001430511, 0.47189999990463255, 0.47379999961853025, 0.46559999995231627, 0.4931999999523163, 0.4988000003814697, 0.5315999998569488, 0.5370999999523163, 0.5560000002861023, 0.5628999997138977, 0.5539000002861023, 0.5836000000953674, 0.5913999997138977, 0.5999000004768371, 0.5902000006675721, 0.5795000003814698]",0.5795,"[2.150164133758545, 1.940364182472229, 1.82033630859375, 1.751775812072754, 1.6928621077728272, 1.641101452331543, 1.584379103088379, 1.5499043042373657, 1.510316548728943, 1.4751414624786376, 1.4509662315750123, 1.4192598871994018, 1.3917185605239868, 1.364463772315979, 1.343578313331604, 1.320563642654419, 1.2986297912979126, 1.2778781136703492, 1.256725154838562, 1.2340698328781128]","[2.0590329872131345, 1.7766350118637084, 1.751110931968689, 1.688380859184265, 1.603720636177063, 1.4844013046264648, 1.4703458694458007, 1.5094742778778076, 1.4202012521743774, 1.3951670833587646, 1.3162012321472167, 1.2972288681030273, 1.2566099552154542, 1.2425257099151612, 1.256756819152832, 1.1866297414779663, 1.160614602279663, 1.143869319152832, 1.169694198036194, 1.211374287223816]",1.2113742961883545
3,model_4,"[0.19405999997138976, 0.29948, 0.34610000003814695, 0.3663999999141693, 0.38845999997138975, 0.40886000000953676, 0.42335999992370604, 0.4432399999332428, 0.4581800000190735, 0.46749999992370606, 0.47843999992370606, 0.4908600000095367, 0.4997800000762939, 0.509820000114441, 0.5181600001716614, 0.5248199999809265, 0.537699999885559, 0.5454399998283386, 0.5510199999427795, 0.5624400001335144]","[0.2986999999284744, 0.31500000023841856, 0.40159999980926514, 0.4169999998092651, 0.4423999997138977, 0.4679999996185303, 0.4614000003814697, 0.485999999666214, 0.492099999666214, 0.5149000000476838, 0.5272000001430511, 0.5244999998569488, 0.5525000002861022, 0.5581000007629394, 0.570800000667572, 0.5700000007629394, 0.5660000007629394, 0.5873999994277954, 0.6033999997138977, 0.592699999332428]",0.5927,"[2.157425417022705, 1.9233453380203247, 1.810581268157959, 1.7469044179534912, 1.6840456920623779, 1.631948034362793, 1.5865795412445067, 1.5432632459640503, 1.5071985155105592, 1.478976373939514, 1.4464533660125733, 1.4163812562179565, 1.3962592932891846, 1.3733164527893067, 1.354086794052124, 1.3305883527755737, 1.3037181031036378, 1.2860583545303346, 1.265664098815918, 1.2431038384246826]","[1.9919823600769042, 1.8925953838348388, 1.6829624742507934, 1.6312893438339233, 1.5606166938781738, 1.4753491483688355, 1.5161384897232055, 1.4386371892929077, 1.4126643503189087, 1.3454963609695434, 1.3403443775177002, 1.351618955039978, 1.2528770334243775, 1.2429598804473876, 1.2064615774154663, 1.210481828689575, 1.2354675769805907, 1.1684779514312744, 1.1404023916244508, 1.1507239795684814]",1.1507239532470703
4,model_5,"[0.19587999999046327, 0.3034200000572205, 0.3426199999141693, 0.36769999996185304, 0.3902800000858307, 0.4127799999141693, 0.42712000001907346, 0.4433999999141693, 0.4582800000190735, 0.47383999996185305, 0.48528000007629396, 0.4942000000572205, 0.5051999999332428, 0.5150199998474121, 0.5224800000953674, 0.5298799999046325, 0.5411199999046326, 0.5498400001716613, 0.557720000076294, 0.5627399998092651]","[0.2739000003814697, 0.35129999990463256, 0.39900000014305115, 0.4206999999046326, 0.4422000002384186, 0.4704000002384186, 0.48149999971389773, 0.47450000019073485, 0.5252000001430511, 0.5144000002384186, 0.5395000002861023, 0.5468999999046326, 0.5602000003814698, 0.5513000002861023, 0.576700000667572, 0.5866999997138977, 0.5856999995231629, 0.5985999996185303, 0.5972999995231628, 0.5957999994277954]",0.5958,"[2.142569738883972, 1.9224702601242065, 1.8151700133895874, 1.7475685181808471, 1.6843560864257812, 1.621883127670288, 1.5795141604995728, 1.5342270816802979, 1.4975950980377197, 1.465890195121765, 1.4375495468139647, 1.413763492050171, 1.3868870811080933, 1.3623305166244506, 1.3389753255081176, 1.3207553268814087, 1.298462195854187, 1.2754552403259278, 1.2564898900222778, 1.2395708712005615]","[1.9960543588638306, 1.8015221954345704, 1.6806426986694336, 1.6238460332870484, 1.5375331438064574, 1.4658956842422486, 1.4313215864181519, 1.446154972267151, 1.3438322786331176, 1.3525550956726073, 1.2982078580856322, 1.2754301467895508, 1.2410478462219239, 1.2572856636047363, 1.2058921566009522, 1.1838095094680785, 1.1758747621536254, 1.1445526947021485, 1.1476864404678344, 1.156604817199707]",1.1566048105239868
5,model_6,"[0.18518000004291535, 0.2962999999332428, 0.34282000007629393, 0.3751399999332428, 0.3993599999523163, 0.4152199999523163, 0.43333999990463257, 0.45229999997138975, 0.46242000000953676, 0.47594000019073485, 0.4865400000190735, 0.49843999990463256, 0.5085800000953674, 0.521140000038147, 0.5259799999332428, 0.5325400001144409, 0.5416199999618531, 0.5507399998855591, 0.5568599998855591, 0.5623600000762939]","[0.30980000009536746, 0.3852999996185303, 0.4155, 0.41800000004768373, 0.45399999985694883, 0.45950000014305115, 0.4915999996185303, 0.5041000000476837, 0.5160000001430511, 0.49550000004768374, 0.5408000002384186, 0.5423000003814697, 0.5547000000953675, 0.5385000003814697, 0.5722000000953674, 0.5589999994277954, 0.5969999996185302, 0.6043999999046326, 0.6021999999046326, 0.5929999992370606]",0.593,"[2.161285774536133, 1.9305516041946411, 1.8135199319458009, 1.7288981172943114, 1.6653478379821778, 1.6127527616119384, 1.5658107820892333, 1.5237004256820679, 1.4917412498855591, 1.4590607161712645, 1.4312863228607178, 1.4056608387756349, 1.3800629641342164, 1.3509424905395508, 1.3346130995941161, 1.314994716720581, 1.2963746349334717, 1.2744033193588258, 1.2525587815093995, 1.2345233498382568]","[1.9912870178222657, 1.7729000476837158, 1.663841975402832, 1.6282943464279174, 1.5089120971679688, 1.523622878265381, 1.417560375404358, 1.3938133699417115, 1.3560799627304077, 1.3950375490188598, 1.2845561151504516, 1.2895656808853149, 1.247120276260376, 1.2931425886154175, 1.2160731756210328, 1.2346296339035034, 1.1551965255737304, 1.1330664352416993, 1.128610181427002, 1.1639477586746216]",1.1639477378845215
6,model_7,"[0.19034000009536745, 0.3025400000572205, 0.3447799999523163, 0.37537999997138977, 0.397879999961853, 0.41736000009536744, 0.4363, 0.45017999996185304, 0.46681999994277956, 0.47755999992370607, 0.49134000007629397, 0.5008600000762939, 0.5091800001144409, 0.5202399998664856, 0.5265199998855591, 0.536399999923706, 0.5423399998283386, 0.547000000038147, 0.5559599999618531, 0.5612199999046326]","[0.33180000004768373, 0.3857999996185303, 0.4116999999046326, 0.4296000002861023, 0.4520999997138977, 0.4719000002384186, 0.4853999998092651, 0.4977, 0.5009999999523163, 0.5276000001430512, 0.5339000002384185, 0.5213000001430511, 0.5493999999046326, 0.571799999332428, 0.5702000007629394, 0.5741999993324279, 0.582599999332428, 0.5901999996185303, 0.6005999997138977, 0.5965999998092651]",0.5966,"[2.1372486490631104, 1.9025048303222656, 1.7949635681533813, 1.720878421897888, 1.656858807106018, 1.5981513089370727, 1.5565652429962158, 1.5221406196212768, 1.4872461179351806, 1.4545902988433839, 1.4231092797088623, 1.4020368238449097, 1.3753285340881347, 1.3532304983139039, 1.331552848739624, 1.3115422859573365, 1.2927361960601806, 1.2752930166244507, 1.2590408857727051, 1.2375641948699951]","[1.9310345275878906, 1.7359683765411378, 1.644550200653076, 1.584013765335083, 1.5166733827590941, 1.4841859430313111, 1.4289895858764647, 1.3986471206665039, 1.370831029510498, 1.3136995960235596, 1.313387466621399, 1.3197276453018187, 1.2665373945236207, 1.2108209894180297, 1.2086582302093505, 1.19303012714386, 1.1690428695678712, 1.1671581668853759, 1.1298826148986816, 1.1441518001556397]",1.1441517652511597
7,model_8,"[0.1963599999523163, 0.30601999995231627, 0.3504400000572205, 0.37405999998092654, 0.3951199999427795, 0.4162999999332428, 0.43379999999046326, 0.44768, 0.4641799999523163, 0.47840000007629396, 0.48889999998092654, 0.4996400000953674, 0.5075800001335145, 0.5169200001907349, 0.5276600001144409, 0.5370400000762939, 0.5429800001525878, 0.5547399998855591, 0.5550000001335144, 0.5661599998855591]","[0.34769999961853026, 0.3915999997138977, 0.4177, 0.41950000019073486, 0.45709999976158144, 0.4649000000953674, 0.4691, 0.4787999998569489, 0.5074000002384186, 0.5130999998092651, 0.5141999999046326, 0.5534000001907349, 0.5352000005722046, 0.5614999999046326, 0.574699999332428, 0.5756999999046326, 0.5924999992370605, 0.6038999997138977, 0.6002000001907348, 0.6045999994277954]",0.6046,"[2.136960839767456, 1.8988119653701783, 1.7972481321334839, 1.7265468980407714, 1.6675526108932495, 1.6125530986785888, 1.5686511318588257, 1.5271636890411378, 1.4836519457244872, 1.4551323064422608, 1.4265517250442505, 1.3958351983642578, 1.3720197143936157, 1.352895085372925, 1.3256551192092896, 1.3078864962387085, 1.2863872500228881, 1.2655308388900757, 1.2539971377944947, 1.227761608505249]","[1.9166609552383422, 1.739482045173645, 1.6477153818130492, 1.6346559688568114, 1.5208738708496095, 1.4758497505187989, 1.4535489320755004, 1.4634016534805299, 1.3899389295578002, 1.3640183279037477, 1.3747004528045654, 1.2694520322799683, 1.2924581924438476, 1.249001641845703, 1.1965509344100953, 1.2126162740707398, 1.1625811475753784, 1.1319783725738526, 1.1429443607330323, 1.1221638648986816]",1.1221638418197633
8,model_9,"[0.17744000001430513, 0.2922200000667572, 0.3365999999713898, 0.3636399999046326, 0.3852399999523163, 0.4044400000476837, 0.4234399999141693, 0.4415000000762939, 0.45382000001907347, 0.4685199999237061, 0.4815399999809265, 0.48912000000953676, 0.5037599999046326, 0.5087399999427795, 0.522639999923706, 0.5292600001335144, 0.5370400001907348, 0.5428600001335144, 0.5548999998664856, 0.5596200001335144]","[0.29379999976158144, 0.3635999997615814, 0.40200000019073484, 0.42629999985694883, 0.4338999998569488, 0.4262000002384186, 0.4447999997138977, 0.47890000019073486, 0.4924000001907349, 0.5236999997615814, 0.5306000000953675, 0.5465999999046326, 0.5602999996185303, 0.5703000002861023, 0.5365000005722046, 0.5667999992370606, 0.5541000002861023, 0.5821000006675721, 0.5883999998092652, 0.6029999997138977]",0.603,"[2.1771557891082765, 1.9356932065200805, 1.82652255279541, 1.7569696913528443, 1.696330225982666, 1.6397860778427125, 1.5981370572662355, 1.5515788633346557, 1.517380078086853, 1.4839226558303833, 1.450661803665161, 1.4223043252182006, 1.3966699107742309, 1.3727172774887084, 1.3477128713607789, 1.3290532386398315, 1.3047913802719115, 1.2914931620407104, 1.261566270980835, 1.252628952255249]","[1.9844225332260133, 1.7964665817260743, 1.677367790222168, 1.6153605363845824, 1.5685264186859131, 1.6050380462646485, 1.5577680879592894, 1.4368865337371826, 1.4065012718200685, 1.3371671085357666, 1.316000255393982, 1.2735670488357544, 1.2452642524719237, 1.2185278087615967, 1.3008821197509766, 1.2134216247558594, 1.2406719058990479, 1.1804348070144652, 1.1673530700683594, 1.1217888257980346]",1.1217887817382812
9,model_10,"[0.19628000003814697, 0.3034199999809265, 0.3460399999046326, 0.37330000002861025, 0.3957400000858307, 0.41554000009536746, 0.4340400000953674, 0.44891999997138976, 0.4658800000476837, 0.4769399999332428, 0.4895600001716614, 0.50058, 0.5106000001716614, 0.517139999961853, 0.5293999998092651, 0.5339000001144409, 0.5478800001716614, 0.5508999999046326, 0.5575799998474121, 0.563939999923706]","[0.3393000001430512, 0.3742999999523163, 0.41259999966621397, 0.42749999990463255, 0.4516000000476837, 0.47650000019073485, 0.48379999980926514, 0.5079999997615814, 0.5130999997615814, 0.5051000003814697, 0.5360000000953674, 0.5357000001907348, 0.5645000004768371, 0.5603000003814698, 0.5548000001907348, 0.577799999332428, 0.5877000007629395, 0.6027000007629395, 0.5978999992370605, 0.615]",0.615,"[2.1389682176971436, 1.9105756310653688, 1.8035161523056031, 1.732353938179016, 1.6706911182403565, 1.6125232557296754, 1.5680207175064087, 1.5291939170455933, 1.4881810409927367, 1.462087850379944, 1.4297234461212158, 1.40374591091156, 1.378725626487732, 1.3576889598464965, 1.3316523167800904, 1.3142189372253419, 1.284022663192749, 1.2726758158111573, 1.2496368410110474, 1.2311346935653686]","[1.9325353147506714, 1.7536616212844849, 1.6582192159652709, 1.5909557174682618, 1.5289396520614624, 1.449712528038025, 1.441579203224182, 1.3784984004974365, 1.3631360494613647, 1.3949603672027588, 1.2965947706222534, 1.2993177974700927, 1.2286497463226318, 1.2334312896728516, 1.250046654701233, 1.2042736330032349, 1.1681460945129394, 1.1395719417572021, 1.152749963760376, 1.1079110664367675]",1.107911011505127
10,model_11,"[0.18563999997615815, 0.2979799999332428, 0.3443800000095367, 0.3699799999046326, 0.3980400000762939, 0.4180599999904633, 0.4358799999809265, 0.4525199999809265, 0.46578000000953673, 0.48161999994277954, 0.4930999998664856, 0.5008599999427795, 0.5126000001716614, 0.52102, 0.5299000000953674, 0.5397399999809265, 0.5475600001525879, 0.5545200001716614, 0.5636799998283386, 0.5710400001335144]","[0.3354999999523163, 0.3702999997615814, 0.4145000003814697, 0.4272000003814697, 0.44880000014305116, 0.4769000002861023, 0.476699999666214, 0.5088999998569489, 0.5006000002384186, 0.5282999996185302, 0.5451000000953674, 0.5532000001907349, 0.5287000000476837, 0.5667000003814697, 0.5459000000953674, 0.5823999994277954, 0.5992999999046326, 0.6050000000953675, 0.6046000002861023, 0.6139999996185302]",0.614,"[2.160025723953247, 1.9215194249343872, 1.8077196720123292, 1.7357071214294433, 1.663818405456543, 1.6095147289657592, 1.563713331565857, 1.520290654411316, 1.48376840675354, 1.4493865656661988, 1.423991904220581, 1.394834351348877, 1.3676850852584839, 1.3465312530899047, 1.3222921523666382, 1.2999441209411622, 1.2814874813079833, 1.2595428548812866, 1.241106971282959, 1.2211065071105958]","[1.9473875005722046, 1.7838846258163452, 1.653994250869751, 1.6095398946762085, 1.526340779685974, 1.4480490617752075, 1.4473139268875121, 1.3705605766296387, 1.4118095478057862, 1.3114100389480592, 1.2790881898880004, 1.2742066270828247, 1.2994625452041626, 1.2214101886749267, 1.2764424745559693, 1.1828803073883056, 1.1430067543029785, 1.1270236585617066, 1.1226099348068237, 1.1033665269851685]",1.1033665010452272
11,model_12,"[0.18375999996185302, 0.2944000000667572, 0.340799999961853, 0.36609999993324277, 0.387479999961853, 0.412, 0.43189999999046325, 0.4490399999237061, 0.46097999998092654, 0.4745999999046326, 0.4837999998474121, 0.4958199999523163, 0.5047800001716614, 0.5146400001716613, 0.5229199999237061, 0.5317200000762939, 0.5397599998092651, 0.548679999961853, 0.5557199999427795, 0.5638400001144409]","[0.3142000003814697, 0.35550000014305116, 0.38260000019073487, 0.39720000019073487, 0.4492999999523163, 0.44870000014305117, 0.4836000002384186, 0.5046000001907348, 0.5099999998569489, 0.5241000000476838, 0.541100000333786, 0.5345000002384186, 0.5652000003814698, 0.5541000001907349, 0.5537000003814697, 0.5815000003814698, 0.5784000003814698, 0.5986, 0.5977, 0.5811999998092652]",0.5812,"[2.175508693084717, 1.9284809251785278, 1.8179994552230836, 1.7499463608932495, 1.6837924007415772, 1.6239350770950318, 1.5739523378753661, 1.529203556213379, 1.4960844158172608, 1.4694810548782349, 1.435069390449524, 1.4098984269332886, 1.3879238858795167, 1.3624058934783936, 1.3441798805618286, 1.315744221458435, 1.2961848459625245, 1.277402925567627, 1.2575013189697266, 1.242344319114685]","[1.9915752508163451, 1.8166967990875245, 1.7359049142837524, 1.6800120471954345, 1.538700276374817, 1.5437268915176392, 1.4383313047409059, 1.3960158657073976, 1.3625605014801025, 1.3463955402374268, 1.2884721620559692, 1.3113106367111207, 1.2395952974319457, 1.2761297414779662, 1.256279774093628, 1.1828505941390992, 1.2018778366088867, 1.1355259141921996, 1.132623305130005, 1.1895449314117432]",1.1895448900222778
12,model_13,"[0.17033999998569488, 0.28400000002861026, 0.33516, 0.36768, 0.39080000003814697, 0.4096, 0.4327399999713898, 0.44732, 0.4659600001716614, 0.477, 0.48723999999046325, 0.5030799998474121, 0.5108999998664856, 0.5205400000572205, 0.5284400001907349, 0.5395799998664856, 0.5450800001907349, 0.553, 0.56092, 0.568920000076294]","[0.2969999998092651, 0.3439999997615814, 0.4125999997615814, 0.4038999997615814, 0.43660000014305117, 0.47790000038146974, 0.494999999666214, 0.4972000000476837, 0.5060999998092651, 0.5334999996185302, 0.5437999997138977, 0.5520000003814697, 0.5607999999046326, 0.5777999992370606, 0.5578000003814697, 0.5605000002861023, 0.5841999998092652, 0.6044000004768372, 0.6008000003814697, 0.611400000667572]",0.6114,"[2.182027124557495, 1.9530920058822632, 1.826701298675537, 1.748831622314453, 1.6840586000061035, 1.6269626082611084, 1.5751930978012085, 1.5343104819869995, 1.492377280883789, 1.4603276371383667, 1.433324221496582, 1.400161610145569, 1.3778079684066773, 1.3552096348571778, 1.3274249221801757, 1.3049158012771607, 1.284981073036194, 1.2633752590179443, 1.2472861505508424, 1.222608334350586]","[2.0113887462615967, 1.84924946269989, 1.669756993675232, 1.6412233777999878, 1.591264114189148, 1.453067665863037, 1.4071777082443238, 1.3941335876464844, 1.3653677352905274, 1.3021819301605224, 1.2779646245956422, 1.2710897008895874, 1.2394102460861207, 1.207238928604126, 1.2503099685668946, 1.2328039358139038, 1.1763972961425782, 1.1317042161941528, 1.1316581161499024, 1.1043973512649536]",1.1043973514556884
13,model_14,"[0.18847999990463257, 0.2981199999332428, 0.33967999997138976, 0.364300000038147, 0.38957999990463255, 0.41151999998092653, 0.42756000004768374, 0.4456399999809265, 0.457919999961853, 0.47059999999046326, 0.4812799998855591, 0.49284000001907347, 0.5024199999046326, 0.5126399999523162, 0.5230799998664856, 0.5303399999809265, 0.5350199999809265, 0.5438000000572205, 0.5546799999046326, 0.5617199998664856]","[0.3140000002861023, 0.3814999997138977, 0.37450000009536744, 0.3902999997138977, 0.4383000003814697, 0.4641000002384186, 0.48039999990463256, 0.4975999999523163, 0.5089999998569489, 0.5237999997615814, 0.5386999999046326, 0.5459999998092652, 0.5594999998092651, 0.5581000005722045, 0.5490999993324279, 0.5786000007629395, 0.588400000667572, 0.6037999997138978, 0.5838000007629395, 0.6114000000953674]",0.6114,"[2.1574905308914185, 1.9295247610473634, 1.820340135307312, 1.7515617419433593, 1.6868309145736695, 1.6250148986053468, 1.578552635154724, 1.5401078855133057, 1.5036336714935303, 1.4696226401519776, 1.4474299576187133, 1.4103197082519532, 1.3920262393951417, 1.3674358326339722, 1.345877434310913, 1.3234515238189697, 1.3022821224975587, 1.2805180448532105, 1.263951202507019, 1.2432603198242187]","[1.9698866704940796, 1.7637032766342162, 1.7692839542388916, 1.69655192527771, 1.5693326665878296, 1.4887933177947998, 1.4411839189529418, 1.4148051746368409, 1.385449787902832, 1.3366301546096802, 1.2942847425460815, 1.2842840047836304, 1.2504843429565429, 1.2419320009231567, 1.3006439807891845, 1.1922531269073486, 1.1643110204696656, 1.14322015914917, 1.1778774307250977, 1.1135654043197631]",1.11356535987854
14,model_15,"[0.19166000009536743, 0.3009, 0.3482400000286102, 0.37654000008583066, 0.3964999999046326, 0.4163799999427795, 0.4361200000476837, 0.45198000007629396, 0.4633200000858307, 0.4781600000190735, 0.48764000009536745, 0.4999599999809265, 0.5110599999523163, 0.5209600000286102, 0.5292599999427795, 0.5360600001907349, 0.5469399998092651, 0.5569400000572204, 0.5635200000953674, 0.5733000000190734]","[0.3268000000953674, 0.36500000023841855, 0.39529999971389773, 0.43639999976158145, 0.4610999999046326, 0.4801999997615814, 0.479199999666214, 0.5092999998569488, 0.513700000333786, 0.5263999996185302, 0.5442999996185303, 0.5615000002861023, 0.5632000001907349, 0.5653000003814698, 0.5558000000953675, 0.5581000005722045, 0.5884999994277954, 0.5900999992370606, 0.6073, 0.6198999999046325]",0.6199,"[2.1564952788543703, 1.9159545090866088, 1.800038172607422, 1.7219950901794434, 1.662828165283203, 1.6082319437026977, 1.5662878707885741, 1.5248775406265258, 1.491153602104187, 1.451331280708313, 1.4301879190063476, 1.4015384512710571, 1.3780229233932495, 1.3440523627853393, 1.321548455429077, 1.3011815166473388, 1.2784293576431274, 1.2597518324279786, 1.2425801064300537, 1.2179183408355714]","[1.96332354183197, 1.7994788663864136, 1.6941110292434693, 1.5652037017822265, 1.5036496404647828, 1.4864674129486084, 1.4569612819671631, 1.373249510383606, 1.368713006591797, 1.3322293441772461, 1.279225241470337, 1.2475804998397828, 1.231697485923767, 1.2449441022872925, 1.2471065505981445, 1.2531337171554566, 1.162134698486328, 1.1674167783737182, 1.1297271690368653, 1.084482597541809]",1.0844825870513917
15,model_16,"[0.18890000000953674, 0.29742000006675723, 0.3391200000858307, 0.36934000009536744, 0.3922399999427795, 0.4133800000858307, 0.4268999999713898, 0.44714000011444094, 0.46153999992370603, 0.4778199999427795, 0.49034000001907346, 0.4991399999141693, 0.50922, 0.5186000000762939, 0.5282800000572204, 0.533180000076294, 0.5435399999046325, 0.5517600000572205, 0.556260000076294, 0.566219999961853]","[0.314899999666214, 0.3718000000476837, 0.40530000019073487, 0.4175000000953674, 0.44450000014305113, 0.46250000014305115, 0.4927000000953674, 0.4920999997615814, 0.4994999998569489, 0.5215000002384186, 0.5417000002384186, 0.5463000000953674, 0.5351, 0.5637000000953675, 0.5810999994277954, 0.5909999995231628, 0.5899999994277955, 0.5790000004768372, 0.5919, 0.6225999999046326]",0.6226,"[2.158305497589111, 1.9338188948822022, 1.8265902122879027, 1.7507162463760375, 1.6857512339401246, 1.6256315991973878, 1.5773116970443726, 1.5395137802124024, 1.4941478616333008, 1.4599214709472657, 1.4293927807998656, 1.4026925910949708, 1.3764540451049805, 1.353577073020935, 1.331170382461548, 1.3140803685760498, 1.287193691520691, 1.2674731587982178, 1.2535381042098999, 1.2323097634887696]","[1.9780913511276246, 1.7806171628952026, 1.6984824405670167, 1.650868440246582, 1.5470465509414673, 1.4961921543121337, 1.4118760261535646, 1.4353339193344117, 1.4124755352020264, 1.350028973197937, 1.2983568147659301, 1.274087006187439, 1.302171085357666, 1.2299338457107545, 1.195931806755066, 1.1647370336532592, 1.1676108095169067, 1.1949528701782226, 1.1595171880722046, 1.0893244398117066]",1.089324423789978
16,model_17,"[0.18421999991416932, 0.29894000004768373, 0.34689999994277954, 0.3699199999809265, 0.3979400000858307, 0.41455999996185305, 0.4304799999141693, 0.4456000001716614, 0.46392000001907346, 0.4752399999523163, 0.4893799999523163, 0.49966000005722044, 0.5082599999237061, 0.5171000000190735, 0.5263199998855591, 0.53458, 0.541220000038147, 0.5529, 0.558220000114441, 0.5680599998474121]","[0.3318000002384186, 0.3861000001430511, 0.4112000001907349, 0.4138000001907349, 0.4515000003814697, 0.4423000000953674, 0.44549999995231626, 0.5020000000476837, 0.5130000000476838, 0.5388000000953674, 0.5313999998092651, 0.5579000001907348, 0.5674000002861023, 0.5551000005722045, 0.5846000007629395, 0.5888999994277954, 0.5896999994277954, 0.6046999996185303, 0.6032999999046326, 0.6067999997138978]",0.6068,"[2.166969857559204, 1.9237403928375245, 1.8111041800308227, 1.7351371984481812, 1.6683088193130493, 1.6175432717895508, 1.5723371726608277, 1.539976740913391, 1.4924706985473633, 1.46502372467041, 1.4338022649765014, 1.406687121925354, 1.3804594707870483, 1.357735498161316, 1.3350115594100953, 1.3150266927337646, 1.2953572674560547, 1.2724122733306884, 1.2536057570648194, 1.233006026916504]","[1.9798867189407348, 1.7596201189041139, 1.6664252090454101, 1.6551152070999144, 1.5217133499145508, 1.5708524948120117, 1.5317587102890016, 1.3923027017593383, 1.3637884244918823, 1.3100370994567871, 1.3221133417129516, 1.2577550071716308, 1.231610369873047, 1.252602682685852, 1.1915103075027467, 1.1665479118347168, 1.1719532125473022, 1.1336282815933227, 1.1276757862091065, 1.1279581489562989]",1.1279580966949463
17,model_18,"[0.17824000009536742, 0.2931400000476837, 0.3403400000190735, 0.3720399999809265, 0.39475999998092653, 0.41866, 0.43373999995231627, 0.45257999996185305, 0.4667199999523163, 0.4793400000286102, 0.4902600000667572, 0.501200000038147, 0.5106999999046326, 0.5207199998664856, 0.5301600000190735, 0.5372999999809265, 0.546640000038147, 0.5548800001144409, 0.5632199999809265, 0.5699799998664856]","[0.28820000009536745, 0.3839000002384186, 0.4141999997138977, 0.4304999999523163, 0.4468999997138977, 0.47720000009536745, 0.49509999985694886, 0.5187999998092652, 0.5065999998569488, 0.5358999999046326, 0.5193000001907349, 0.5589000002861023, 0.5677000005722046, 0.5602000001907349, 0.5911999994277954, 0.587900000667572, 0.5990999998092651, 0.6048999998092651, 0.6104000000953674, 0.6217000002861023]",0.6217,"[2.1781898713684082, 1.9349771743774413, 1.8159574367904663, 1.7388468698120116, 1.6694231089401246, 1.6119328297424316, 1.5647288368988037, 1.5216884726715088, 1.4833837503814697, 1.4545284923553468, 1.4261353425598144, 1.3980341275787354, 1.3718267490768432, 1.346385885848999, 1.3254312992858888, 1.3061920505142213, 1.2829184938430787, 1.2599371712493896, 1.2447426942062378, 1.2215890314483642]","[2.011074636077881, 1.7752258934020997, 1.6630573711395265, 1.5898281610488891, 1.5533856252670288, 1.458720475769043, 1.41638322429657, 1.3568398429870605, 1.4012268114089965, 1.3065887454986573, 1.3509551010131835, 1.2627992532730103, 1.2281355991363525, 1.2455872097015381, 1.1839330062866211, 1.1771882387161254, 1.155183616256714, 1.1213543685913085, 1.1164746099472045, 1.0874617370605468]",1.087461743927002
18,model_19,"[0.19378000008583068, 0.29669999992370605, 0.3457200000667572, 0.3756600000667572, 0.39672000007629393, 0.41842, 0.4394799999523163, 0.45407999996185305, 0.46908000001907346, 0.48307999994277956, 0.493620000038147, 0.5058400000572204, 0.5178799998092651, 0.523179999961853, 0.5326400000190735, 0.5426999999046326, 0.5557799999427795, 0.5631400001907348, 0.5688200001144409, 0.5753400001144409]","[0.28829999980926513, 0.37859999985694887, 0.4121000003814697, 0.4137, 0.43249999976158143, 0.4812999997138977, 0.48140000009536743, 0.48770000019073484, 0.5192999997615814, 0.5234000001430511, 0.5561000001907349, 0.5609000003814697, 0.5652000005722045, 0.5748999996185302, 0.5844999997138977, 0.5966999999046325, 0.5912999999046326, 0.6060000004768371, 0.6099000004768371, 0.6041999997138977]",0.6042,"[2.1507628134918213, 1.9346885277557373, 1.80595159576416, 1.7223470254516602, 1.6586815269470214, 1.6061250857925415, 1.5549407253265382, 1.5221640641021728, 1.4813205676269532, 1.446393681526184, 1.4187148376083374, 1.3877214752578735, 1.35690642162323, 1.3386908506393433, 1.3149528578186036, 1.2908753136062623, 1.2655073720550538, 1.2467739416503907, 1.2277047233581544, 1.2070799130249024]","[1.9860537048339844, 1.7883838434219361, 1.6678540609359742, 1.6669750713348388, 1.5672100429534912, 1.4489334060668946, 1.447772172164917, 1.44335115814209, 1.3349183647155762, 1.3240063262939452, 1.2634698987960815, 1.246051484298706, 1.2293970726013184, 1.2048893489837647, 1.1795332887649537, 1.1426899335861207, 1.1555475255966186, 1.1272699878692627, 1.1036841989517212, 1.126571314239502]",1.1265712661743164
19,model_20,"[0.1877200000143051, 0.30222000004768373, 0.34035999990463256, 0.37315999994277954, 0.3948199999713898, 0.41709999999046327, 0.4318800000190735, 0.4504800001144409, 0.46486000001907346, 0.47578000007629395, 0.48883999998092653, 0.4966000001716614, 0.5054200000190735, 0.5173999998664855, 0.5256599998092651, 0.5367000001335144, 0.5429200000953674, 0.5513399998474121, 0.5602799998855591, 0.5662399998092651]","[0.3122000002861023, 0.3813000002384186, 0.40839999990463255, 0.4340999999523163, 0.41469999985694883, 0.45310000009536744, 0.4883999998569489, 0.47869999980926514, 0.5105000003337861, 0.5175000000476837, 0.5530000001907348, 0.5433999997138977, 0.5469000002861023, 0.5616000002861022, 0.577699999332428, 0.5807999994277954, 0.5718000004768372, 0.594499999332428, 0.599299999332428, 0.6184999999046326]",0.6185,"[2.1598360132598877, 1.9134027420425415, 1.8122155349731446, 1.736584091835022, 1.6681011681365967, 1.615804054222107, 1.5677546262741089, 1.5285933798217775, 1.4905159926223754, 1.4606921058273314, 1.4352481023788453, 1.4034022620010376, 1.3797230508804321, 1.3505889513397218, 1.3317474524688722, 1.3107319583511352, 1.2899238418197632, 1.271669819908142, 1.2473873380661011, 1.2281577554702758]","[1.9675516426086426, 1.75230014629364, 1.668286384010315, 1.5758912797927855, 1.6459876794815063, 1.5303090106964112, 1.4211443870544433, 1.4686390687942505, 1.366403302192688, 1.3620388494491578, 1.2786695302963256, 1.2830381662368775, 1.2895034336090088, 1.2343572984695435, 1.2012791566848755, 1.1929383501052857, 1.2136047878265381, 1.1491463626861573, 1.1376091075897217, 1.0875991165161132]",1.087599115562439
